Release Date,Season,Episode,Episode Title,Name,Sentence,Unique Coding
2011-05-01,Season 1,Episode 3,Lord Snow,petyr baelish,"But we have a Kingdom to look after. I've hoped to meet you for some time, Lord Stark. No doubt Lady Catelyn has mentioned me.",Politics
2011-05-01,Season 1,Episode 3,Lord Snow,petyr baelish,All too well. I still carry a token of his esteem from navel to collarbone.,War/Violence
2011-05-01,Season 1,Episode 3,Lord Snow,petyr baelish,"It wasn't the man that I chose, my Lord. It was Catelyn Tully. A woman worth fighting for, I'm sure you'll agree.",People
2011-05-01,Season 1,Episode 3,Lord Snow,petyr baelish,We are the lords of small matters here.,Politics
2011-05-01,Season 1,Episode 3,Lord Snow,petyr baelish,"Mmm, how much?",Plans/Strategy/Advice
2011-05-01,Season 1,Episode 3,Lord Snow,petyr baelish,"I'll have to borrow it. The Lannisters will accommodate, I expect. We already owe Lord Tywin 3 million gold. What's another 80,000?",Plans/Strategy/Advice
2011-05-01,Season 1,Episode 3,Lord Snow,petyr baelish,I'm telling you the Crown is six million in debt.,Politics
2011-05-01,Season 1,Episode 3,Lord Snow,petyr baelish,The Master of Coin finds the money. The King and the Hand spend it.,Information/Lore
2011-05-01,Season 1,Episode 3,Lord Snow,petyr baelish,"As you will. But still, we'd best make our plans.",Plans/Strategy/Advice
2011-05-01,Season 1,Episode 3,Lord Snow,petyr baelish,Cat! Go on. Go upstairs.,Orders/Demands
2011-05-01,Season 1,Episode 3,Lord Snow,petyr baelish,I meant no disrespect to you of all people.,Loyalty/Honour
2011-05-01,Season 1,Episode 3,Lord Snow,petyr baelish,No one will come looking for you here. Isn't that what like you wanted? I'm truly sorry... about the locale.,Plans/Strategy/Advice
2011-05-01,Season 1,Episode 3,Lord Snow,petyr baelish,A dear friend told me.,Information/Lore
2011-05-01,Season 1,Episode 3,Lord Snow,petyr baelish,"Well well, this is an historic day. Something you don't know that I do. There's only one dagger like this in all of the Seven Kingdoms. It's mine.",Information/Lore
2011-05-01,Season 1,Episode 3,Lord Snow,petyr baelish,"At least it was, until the tournament on Prince Joffrey's last nameday. I bet on Ser Jaime in the jousting, as any sane man would. When the Knight of the Flowers unseated him, I lost this dagger.",Information/Lore
2011-05-01,Season 1,Episode 3,Lord Snow,petyr baelish,Tyrion Lannister. The Imp.,People
2011-05-01,Season 1,Episode 3,Lord Snow,petyr baelish,Good news? Perhaps you'd like to share it with your wife?,Plans/Strategy/Advice
2011-05-01,Season 1,Episode 3,Lord Snow,petyr baelish,Is she?,Information/Lore
2011-05-01,Season 1,Episode 3,Lord Snow,petyr baelish,I thought that she'd be safest in here. One of several such establishments I own.,Plans/Strategy/Advice
2011-05-01,Season 1,Episode 3,Lord Snow,petyr baelish,"The Starks... Quick tempers, slow minds.",Trivial
2011-05-01,Season 1,Episode 3,Lord Snow,petyr baelish,The mere suggestion that the Queen's brother tried to kill your boy would be considered treason.,Loyalty/Honour
2011-05-01,Season 1,Episode 3,Lord Snow,petyr baelish,"Which Lord Tyrion will say was stolen from him. The only man who could say otherwise has no throat, thanks to your boy's wolf.",War/Violence
2011-05-01,Season 1,Episode 3,Lord Snow,petyr baelish,"I'll try to keep you alive, for her sake. A fool's task, admittedly, but I've never been able to refuse your wife anything.",Loyalty/Honour
2011-05-01,Season 1,Episode 3,Lord Snow,petyr baelish,Don't tell anyone. I have a reputation to maintain.,Loyalty/Honour
2011-05-08,Season 1,Episode 4,"Cripples, Bastards and Broken Things",petyr baelish,I will?,Plans/Strategy/Advice
2011-05-08,Season 1,Episode 4,"Cripples, Bastards and Broken Things",petyr baelish,And every inn in the city is full and the whores are walking bow-legged.,Information/Lore
2011-05-08,Season 1,Episode 4,"Cripples, Bastards and Broken Things",petyr baelish,I hear you're reading a boring book.,Information/Lore
2011-05-08,Season 1,Episode 4,"Cripples, Bastards and Broken Things",petyr baelish,"He never stops. Do you know Ser Hugh of the Vale? Not surprising. Until recently, he was only a squire... Jon Arryn's squire. He was knighted almost immediately after his master's untimely death.",Politics
2011-05-08,Season 1,Episode 4,"Cripples, Bastards and Broken Things",petyr baelish,I promised Cat that I'd help you.,Loyalty/Honour
2011-05-08,Season 1,Episode 4,"Cripples, Bastards and Broken Things",petyr baelish,A singularly bad idea. Do you see that boy there? One of Varys's little birds. The Spider has taken a great interest in your comings and goings. Now look there. That one belongs to the Queen. And do you see that Septa pretending to read her book?,Plans/Strategy/Advice
2011-05-08,Season 1,Episode 4,"Cripples, Bastards and Broken Things",petyr baelish,No. She's one of mine. Is there someone in your service whom you trust completely?,Loyalty/Honour
2011-05-08,Season 1,Episode 4,"Cripples, Bastards and Broken Things",petyr baelish,"The wiser answer was no, my Lord. Get a message to this paragon of yours... Discreetly. Send him to question Ser Hugh. After that, you might want him to visit a certain armorer in the city. He lives in a large house at the top of the street of Steel.",Orders/Demands
2011-05-08,Season 1,Episode 4,"Cripples, Bastards and Broken Things",petyr baelish,"I have my observers, as I said, and it's possible that they saw Lord Arryn visit this armorer several times in the weeks before his death.",People
2011-05-08,Season 1,Episode 4,"Cripples, Bastards and Broken Things",petyr baelish,Distrusting me was the wisest thing you've done since you climbed off your horse.,Plans/Strategy/Advice
2011-05-08,Season 1,Episode 4,"Cripples, Bastards and Broken Things",petyr baelish,Lover's quarrel?,Trivial
2011-05-08,Season 1,Episode 4,"Cripples, Bastards and Broken Things",petyr baelish,An old friend of the family. I've known your mother a long long time.,People
2011-05-08,Season 1,Episode 4,"Cripples, Bastards and Broken Things",petyr baelish,"No, it's quite all right. When I was a child I was very small and I come from a little spit of land called The Fingers, so you see, it's an exceedingly clever nickname.",Information/Lore
2011-05-08,Season 1,Episode 4,"Cripples, Bastards and Broken Things",petyr baelish,Ser Gregor Clegane. They call him the Mountain. The Houndo s older brother.,People
2011-05-08,Season 1,Episode 4,"Cripples, Bastards and Broken Things",petyr baelish,Ser Hugh of the Vale. He was Jon Arryn's squire. Look how far he's come.,People
2011-05-08,Season 1,Episode 4,"Cripples, Bastards and Broken Things",petyr baelish,"Not what you were expecting? Has anyone ever told you the story of the Mountain and the Hound? Lovely little tale of brotherly love. The Hound was just a pup, six years old maybe. Gregor a few years older, already a big lad, already getting a bit of a reputation. Some lucky boys just born with a talent for violence. One evening... Gregor found his little brother playing with a toy by the fire... Gregor's toy, a wooden knight. Gregor never said a word, he just grabbed his brother by the scruff of his neck and shoved his face into the burning coals. Held him there while the boy screamed, while his face melted. There aren't very many people who know that story.",War/Violence
2011-05-08,Season 1,Episode 4,"Cripples, Bastards and Broken Things",petyr baelish,"No, please don't. If the Hound so much as heard you mention it, I'm afraid all the knights in King's Landing would not be able to save you.",War/Violence
2011-05-15,Season 1,Episode 5,The Wolf and the Lion,petyr baelish,100 gold dragons on the Mountain.,Orders/Demands
2011-05-15,Season 1,Episode 5,The Wolf and the Lion,petyr baelish,Now what will I buy with 100 gold dragons? A dozen barrels of Dornish wine? Or a girl from the pleasure houses of Lys?,Plans/Strategy/Advice
2011-05-15,Season 1,Episode 5,The Wolf and the Lion,petyr baelish,"And tell me, Lord Renly, when will you be having your friend?",Trivial
2011-05-15,Season 1,Episode 5,The Wolf and the Lion,petyr baelish,"Loras knew his mare was in heat. Quite crafty, really.",Plans/Strategy/Advice
2011-05-15,Season 1,Episode 5,The Wolf and the Lion,petyr baelish,No honor but quite a bit of gold.,Loyalty/Honour
2011-05-15,Season 1,Episode 5,The Wolf and the Lion,petyr baelish,You do move quietly.,Information/Lore
2011-05-15,Season 1,Episode 5,The Wolf and the Lion,petyr baelish,You look a bit lonely today. You should pay a visit to my brothel this evening. First boy is on the house.,Plans/Strategy/Advice
2011-05-15,Season 1,Episode 5,The Wolf and the Lion,petyr baelish,"Am I? All those birds that whisper in your ear, such pretty little things. Trust me, we accommodate all inclinations.",Information/Lore
2011-05-15,Season 1,Episode 5,The Wolf and the Lion,petyr baelish,"I'm a purveyor of beauty and discretion, both equally important.",Information/Lore
2011-05-15,Season 1,Episode 5,The Wolf and the Lion,petyr baelish,All desires are valid to a man with a full purse.,Plans/Strategy/Advice
2011-05-15,Season 1,Episode 5,The Wolf and the Lion,petyr baelish,"Strictly speaking, such a thing would not be in accordance with the King's laws.",Politics
2011-05-15,Season 1,Episode 5,The Wolf and the Lion,petyr baelish,"Tell me. Does someone, somewhere, keep your balls in a little box? I've often wondered.",Trivial
2011-05-15,Season 1,Episode 5,The Wolf and the Lion,petyr baelish,Since you last saw me or since I last saw you?,People
2011-05-15,Season 1,Episode 5,The Wolf and the Lion,petyr baelish,Saw me with your own eyes?,Information/Lore
2011-05-15,Season 1,Episode 5,The Wolf and the Lion,petyr baelish,Council business. We all have so much to discuss with Ned Stark.,Politics
2011-05-15,Season 1,Episode 5,The Wolf and the Lion,petyr baelish,One shudders at the thought.,Politics
2011-05-15,Season 1,Episode 5,The Wolf and the Lion,petyr baelish,But you know something? I do believe that I have seen you even more recently than you have seen me.,Information/Lore
2011-05-15,Season 1,Episode 5,The Wolf and the Lion,petyr baelish,"Yes. Earlier today, I distinctly recall seeing you talking to Lord Stark in his chambers.",People
2011-05-15,Season 1,Episode 5,The Wolf and the Lion,petyr baelish,"And not long after that when I saw you escorting a certain foreign dignitary... Council business? Of course you would have friends from across The Narrow Sea. You're from there yourself, after all. We're friends, aren't we, Lord Varys? I'd like to think we are. So you can imagine my burden, wondering if the King might question my friendo s sympathies… To stand at a crossroads where turning left means loyalty to a friend, turning right, loyalty to the realm.",Information/Lore
2011-05-15,Season 1,Episode 5,The Wolf and the Lion,petyr baelish,To find myself in a position where a simple word to the King --,Trivial
2011-05-15,Season 1,Episode 5,The Wolf and the Lion,petyr baelish,To a small council meeting?,Information/Lore
2011-05-15,Season 1,Episode 5,The Wolf and the Lion,petyr baelish,"Jorah Mormont's a slaver, not a traitor. Small difference, I know, to an honorable man.",Loyalty/Honour
2011-05-15,Season 1,Episode 5,The Wolf and the Lion,petyr baelish,"When you find yourself in bed with an ugly woman, best close your eyes, get it over with. Cut her throat. Be done with it.",Plans/Strategy/Advice
2011-05-15,Season 1,Episode 5,The Wolf and the Lion,petyr baelish,"His Grace went on about you at some length after you took your leave. The word ""treason"" was mentioned.",Loyalty/Honour
2011-05-15,Season 1,Episode 5,The Wolf and the Lion,petyr baelish,When do you return to Winterfell?,Plans/Strategy/Advice
2011-05-15,Season 1,Episode 5,The Wolf and the Lion,petyr baelish,"If you're still here come nightfall, I'll take you to see the last person Jon Arryn spoke with before falling ill. If that sort of thing still interests you.",Information/Lore
2011-05-15,Season 1,Episode 5,The Wolf and the Lion,petyr baelish,It won't take more than an hour. But as you please.,Information/Lore
2011-05-15,Season 1,Episode 5,The Wolf and the Lion,petyr baelish,"Brothels make a much better investment than ship, I've found. Whores rarely sink.",Plans/Strategy/Advice
2011-05-15,Season 1,Episode 5,The Wolf and the Lion,petyr baelish,"Well, he has more than you, for a start.",Information/Lore
2011-05-15,Season 1,Episode 5,The Wolf and the Lion,petyr baelish,"Does it matter? If you fuck enough women, some of them will give you presents.",Plans/Strategy/Advice
2011-05-15,Season 1,Episode 5,The Wolf and the Lion,petyr baelish,He was the King's Hand. Perhaps Robert wanted them looked after. He was overcome with fatherly love.,Information/Lore
2011-05-15,Season 1,Episode 5,The Wolf and the Lion,petyr baelish,"What's the meaning of this, Lannister?",Information/Lore
2011-05-15,Season 1,Episode 5,The Wolf and the Lion,petyr baelish,My Lords! I'll bring the City Watch!,Plans/Strategy/Advice
2011-05-22,Season 1,Episode 6,A Golden Crown,petyr baelish,Fish. The sigil of House Tully. Isn't that your wife's House - Tully - my Lord Hand?,Politics
2011-05-22,Season 1,Episode 6,A Golden Crown,petyr baelish,That sounds like someone we know. The Mountain.,People
2011-05-22,Season 1,Episode 6,A Golden Crown,petyr baelish,I've heard him called “Tywin Lannister's mad dog.” I'm sure you have as well. Can you think of any reason the Lannisters might possibly have for being angry with your wife?,People
2011-05-22,Season 1,Episode 6,A Golden Crown,petyr baelish,It would be almost as brazen as attacking the Hand of the King in the streets of the capital.,War/Violence
2011-05-22,Season 1,Episode 6,A Golden Crown,petyr baelish,"A bold move, my Lord, and admirable. But is it wise to yank the lion's tail? Tywin Lannister is the richest man in all the Seven Kingdoms. Gold wins wars, not soldiers.",Plans/Strategy/Advice
2011-05-29,Season 1,Episode 7,You Win or You Die,petyr baelish,"No no no no! Is that what they teach you up in the North? And you-- wherever you're from, do you have any idea how ridiculous you sound? Either of you understand a thing that I'm saying?",Orders/Demands
2011-05-29,Season 1,Episode 7,You Win or You Die,petyr baelish,"Let's start over, shall we? You be the man and you be the woman.",Orders/Demands
2011-05-29,Season 1,Episode 7,You Win or You Die,petyr baelish,I'm saving myself for another.,People
2011-05-29,Season 1,Episode 7,You Win or You Die,petyr baelish,A stupid saying.,Trivial
2011-05-29,Season 1,Episode 7,You Win or You Die,petyr baelish,"No, not really. Impeccable bloodlines though.",People
2011-05-29,Season 1,Episode 7,You Win or You Die,petyr baelish,For many years. Most of my life really.,Information/Lore
2011-05-29,Season 1,Episode 7,You Win or You Die,petyr baelish,Oh no. He got himself killed before the wedding.,War/Violence
2011-05-29,Season 1,Episode 7,You Win or You Die,petyr baelish,"Oh, everything, my dear. Everything there is.",Information/Lore
2011-05-29,Season 1,Episode 7,You Win or You Die,petyr baelish,My Lord protector.,Politics
2011-05-29,Season 1,Episode 7,You Win or You Die,petyr baelish,So when the King dies...,Politics
2011-05-29,Season 1,Episode 7,You Win or You Die,petyr baelish,So it would seem. Unless...,Trivial
2011-05-29,Season 1,Episode 7,You Win or You Die,petyr baelish,And he cannot take the throne without your help.,Politics
2011-05-29,Season 1,Episode 7,You Win or You Die,petyr baelish,You are now Hand of the King and Protector of the Realm.,Politics
2011-05-29,Season 1,Episode 7,You Win or You Die,petyr baelish,"You'll need someone to share these burdens. I assure you, my price would be modest.",Plans/Strategy/Advice
2011-05-29,Season 1,Episode 7,You Win or You Die,petyr baelish,Only if we lose.,Loyalty/Honour
2011-05-29,Season 1,Episode 7,You Win or You Die,petyr baelish,So it will be Stannis and war?,War/Violence
2011-05-29,Season 1,Episode 7,You Win or You Die,petyr baelish,"So why did you call me here? Not for my wisdom, clearly.",Plans/Strategy/Advice
2011-05-29,Season 1,Episode 7,You Win or You Die,petyr baelish,Look at you. You know what you want me to do.,Plans/Strategy/Advice
2011-05-29,Season 1,Episode 7,You Win or You Die,petyr baelish,Now!,Orders/Demands
2011-05-29,Season 1,Episode 7,You Win or You Die,petyr baelish,I did warn you not to trust me.,Loyalty/Honour
2011-06-05,Season 1,Episode 8,The Pointy End,petyr baelish,"The girl is innocent, Your Grace.",People
2011-06-05,Season 1,Episode 8,The Pointy End,petyr baelish,"A naked Knight, apparently.",Trivial
2011-06-05,Season 1,Episode 8,The Pointy End,petyr baelish,Do you deny your father's crime?,Loyalty/Honour
2011-06-19,Season 1,Episode 10,Fire and Blood,petyr baelish,lt's hard for them to simper and bow without heads.,Plans/Strategy/Advice
2011-06-19,Season 1,Episode 10,Fire and Blood,petyr baelish,"And what would you do, my friend, if you found yourself sitting up there?",Politics
2011-06-19,Season 1,Episode 10,Fire and Blood,petyr baelish,You must be one of the few men in the city who isn't a man.,Trivial
2011-06-19,Season 1,Episode 10,Fire and Blood,petyr baelish,"When they castrated you, did they take the pillar with the stones? l've always wondered.",Trivial
2011-06-19,Season 1,Episode 10,Fire and Blood,petyr baelish,l picture a gash. Like a woman's. ls that about right?,Trivial
2011-06-19,Season 1,Episode 10,Fire and Blood,petyr baelish,"Must be strange for you, even after all these years… a man from another land, despised by most, feared by all.",Trivial
2011-06-19,Season 1,Episode 10,Fire and Blood,petyr baelish,But you carry on whispering in one king's ear and then the next. l admire you.,Politics
2011-06-19,Season 1,Episode 10,Fire and Blood,petyr baelish,"A useful talent, l'm sure you'd agree.",Information/Lore
2011-06-19,Season 1,Episode 10,Fire and Blood,petyr baelish,Playing our roles.,Trivial
2011-06-19,Season 1,Episode 10,Fire and Blood,petyr baelish,Long may he reign. My king.,Loyalty/Honour
2012-04-01,Season 2,Episode 1,The North Remembers,petyr baelish,"We have enough wheat for a five-year winter. If it lasts any longer, , we'll have fewer peasants.",Plans/Strategy/Advice
2012-04-01,Season 2,Episode 1,The North Remembers,petyr baelish,Your Grace.,Politics
2012-04-01,Season 2,Episode 1,The North Remembers,petyr baelish,"Of course, Your Grace.",Politics
2012-04-01,Season 2,Episode 1,The North Remembers,petyr baelish,"If she's escaped the capital, Winterfell seems the logical destination.",Plans/Strategy/Advice
2012-04-01,Season 2,Episode 1,The North Remembers,petyr baelish,Curious.,Trivial
2012-04-01,Season 2,Episode 1,The North Remembers,petyr baelish,"Well, you could ask Varys where she is. He'll have an answer for you. Whether you believe it,,, Myself, I have always had a hard time trusting eunuchs. Who knows what they want?",Plans/Strategy/Advice
2012-04-01,Season 2,Episode 1,The North Remembers,petyr baelish,Yes.,Trivial
2012-04-01,Season 2,Episode 1,The North Remembers,petyr baelish,I'm glad you like it. Some people are fortunate enough to be born into the right family. Others have to find their own way.,Plans/Strategy/Advice
2012-04-01,Season 2,Episode 1,The North Remembers,petyr baelish,"When boys and girls live in the same home, awkward situations can arise. Sometimes, I've heard, even brothers and sisters develop certain affections. And when these affections become common knowledge, well, that is an awkward situation, indeed. Especially in a prominent family. But prominent families often forget a simple truth, I've found.",Information/Lore
2012-04-01,Season 2,Episode 1,The North Remembers,petyr baelish,Knowledge is power.,Information/Lore
2012-04-08,Season 2,Episode 2,The Night Lands,petyr baelish,That's why they're called wildlings.,Information/Lore
2012-04-08,Season 2,Episode 2,The Night Lands,petyr baelish,"One moment, my friend. A moment.",Trivial
2012-04-08,Season 2,Episode 2,The Night Lands,petyr baelish,Please accept my sincerest apologies. Ramka will take good care of you.,People
2012-04-08,Season 2,Episode 2,The Night Lands,petyr baelish,Shhh. Did he hurt you?,War/Violence
2012-04-08,Season 2,Episode 2,The Night Lands,petyr baelish,Who?,People
2012-04-08,Season 2,Episode 2,The Night Lands,petyr baelish,"Ah, yes, that was poorly handled. Sometimes those with the most power have the least grace.",Plans/Strategy/Advice
2012-04-08,Season 2,Episode 2,The Night Lands,petyr baelish,"You know, you remind me of another girl. A lovely thing I once acquired from an Elysium pleasure house. Beautiful, like yourself, and intelligent as yourself. But she wasn't happy. She cried, often. I asked her why but, we didn't have the kind of rapport that you and I have. Yes, it was quite sad. Girls from Elysium pleasure houses are expensive. Extremely expensive. And this one wasn't making me any money. I hate bad investments. Really, I do. They haunt me. I had no idea how to make her happy, no idea how to mitigate my losses. A very wealthy patron, he offered me a tremendous amount of money to let him transform this lovely, sad girl. To use her in ways that never occur to most men. And you know what occurs to most men. I would not say he succeeded in making her happy but my losses were definitely mitigated. . Take tonight off to mourn Mhaegen's child. I'll see you tomorrow. But you'll be happy? . That makes me happy.",Plans/Strategy/Advice
2012-04-15,Season 2,Episode 3,What Is Dead May Never Die,petyr baelish,Tell no one what?,Plans/Strategy/Advice
2012-04-15,Season 2,Episode 3,What Is Dead May Never Die,petyr baelish,She imprisoned you. She tried to execute you. And you offer her son a princess?,Plans/Strategy/Advice
2012-04-15,Season 2,Episode 3,What Is Dead May Never Die,petyr baelish,And I suppose you want me to broker this agreement?,Plans/Strategy/Advice
2012-04-15,Season 2,Episode 3,What Is Dead May Never Die,petyr baelish,"Yes, I could sing this song to Lysa, if I cared to. What's in it for me?",Information/Lore
2012-04-15,Season 2,Episode 3,What Is Dead May Never Die,petyr baelish,Harrenhal is cursed.,Information/Lore
2012-04-15,Season 2,Episode 3,What Is Dead May Never Die,petyr baelish,"With a single stroke, you'd make me one of the greatest lords in the realm.",Politics
2012-04-15,Season 2,Episode 3,What Is Dead May Never Die,petyr baelish,"So did Janos Slynt, and he was given Harrenhal, too. Until you snatched it away.",Information/Lore
2012-04-15,Season 2,Episode 3,What Is Dead May Never Die,petyr baelish,The Queen mustn't know.,Politics
2012-04-15,Season 2,Episode 3,What Is Dead May Never Die,petyr baelish,"I don't appreciate being made a fool of, dwarf. If Myrcella marries the Martell boy, she can't very well marry Robin Arryn, can she?",People
2012-04-15,Season 2,Episode 3,What Is Dead May Never Die,petyr baelish,"And Harrenhal, I suppose that's off the table as well.",Plans/Strategy/Advice
2012-04-15,Season 2,Episode 3,What Is Dead May Never Die,petyr baelish,Leave me out of your next deception.,Orders/Demands
2012-04-15,Season 2,Episode 3,What Is Dead May Never Die,petyr baelish,Robb Stark will never release the Kingslayer.,Plans/Strategy/Advice
2012-04-22,Season 2,Episode 4,Garden of Bones,petyr baelish,Your Grace.,Politics
2012-04-22,Season 2,Episode 4,Garden of Bones,petyr baelish,I'm a practical man.,Trivial
2012-04-22,Season 2,Episode 4,Garden of Bones,petyr baelish,And who would you have me be loyal to? Your brother's corpse?,Loyalty/Honour
2012-04-22,Season 2,Episode 4,Garden of Bones,petyr baelish,"You still have many friends at court, Your Grace, many who believe Ned Stark erred by not supporting your claim.",Plans/Strategy/Advice
2012-04-22,Season 2,Episode 4,Garden of Bones,petyr baelish,I would give priority to my head.,Trivial
2012-04-22,Season 2,Episode 4,Garden of Bones,petyr baelish,"I understand that you don't like me, and while that saddens me greatly, I did not come here today seeking your affection. When you march on King's Landing, you may find yourself facing a protracted siege or open gates.",Plans/Strategy/Advice
2012-04-22,Season 2,Episode 4,Garden of Bones,petyr baelish,All of these tents look the same to me. Would you be so kind-,Orders/Demands
2012-04-22,Season 2,Episode 4,Garden of Bones,petyr baelish,"Your tent""? Not ""Our tent""? The king snores, perhaps? Or simply prefers solitude? Pressures of command, no doubt. Four kings vying for the throne.",Information/Lore
2012-04-22,Season 2,Episode 4,Garden of Bones,petyr baelish,"If war were arithmetic, the mathematicians would rule the world. I did notice your brother entering His Grace's tent just now.",Information/Lore
2012-04-22,Season 2,Episode 4,Garden of Bones,petyr baelish,"And on the night of your wedding, who was by the king's side then?",Loyalty/Honour
2012-04-22,Season 2,Episode 4,Garden of Bones,petyr baelish,"Your marriage is quite interesting. Not only to me, but to the realm. The marriage of a wealthy girl always breeds interest, if nothing else.",Information/Lore
2012-04-22,Season 2,Episode 4,Garden of Bones,petyr baelish,"I've been unlucky in my affections, sadly.",Information/Lore
2012-04-22,Season 2,Episode 4,Garden of Bones,petyr baelish,You may have heard false reports.,Plans/Strategy/Advice
2012-04-22,Season 2,Episode 4,Garden of Bones,petyr baelish,Betrayed? I wanted him to serve as Protector of the Realm. I begged him to seize the moment.,Loyalty/Honour
2012-04-22,Season 2,Episode 4,Garden of Bones,petyr baelish,"No, my lady.",Politics
2012-04-22,Season 2,Episode 4,Garden of Bones,petyr baelish,"Cat, I've I've loved you since I was a boy. It seems to me that fate has given us this chance",Orders/Demands
2012-04-22,Season 2,Episode 4,Garden of Bones,petyr baelish,"Do you want to see your girls again? Sansa, more beautiful than ever? And Arya, just as wild as ever?",People
2012-04-22,Season 2,Episode 4,Garden of Bones,petyr baelish,Both girls are healthy and safe. For now. But you know the Queen and you know Joffrey. I fear for their longevity if they remain in the capital.,Plans/Strategy/Advice
2012-04-22,Season 2,Episode 4,Garden of Bones,petyr baelish,The Lannisters will trade your daughters for the Kingslayer.,Politics
2012-04-22,Season 2,Episode 4,Garden of Bones,petyr baelish,I'm not bringing these terms to him. I'm bringing them to you.,Information/Lore
2012-04-22,Season 2,Episode 4,Garden of Bones,petyr baelish,"Robb has surprised them all with his skills in battle, but he's not a mother. Consider it, Cat. You may not get another chance. I've brought you a gift.",Plans/Strategy/Advice
2012-04-22,Season 2,Episode 4,Garden of Bones,petyr baelish,Your husband was an honorable man. He should rest beside his family in the crypts beneath Winterfell. You may not believe,Loyalty/Honour
2012-04-29,Season 2,Episode 5,The Ghost of Harrenhal,petyr baelish,"My lord, my lady.",People
2012-04-29,Season 2,Episode 5,The Ghost of Harrenhal,petyr baelish,"Stannis will be here in an hour. When he arrives, Renly's bannermen will flock to him. Your former companions will fight for the privilege of selling you to their new king.",Plans/Strategy/Advice
2012-04-29,Season 2,Episode 5,The Ghost of Harrenhal,petyr baelish,"You will note that I am standing here talking to you, not Stannis.",Information/Lore
2012-04-29,Season 2,Episode 5,The Ghost of Harrenhal,petyr baelish,Stannis.,People
2012-04-29,Season 2,Episode 5,The Ghost of Harrenhal,petyr baelish,"Tell me, Ser Loras, what do you desire most in this world?",Orders/Demands
2012-04-29,Season 2,Episode 5,The Ghost of Harrenhal,petyr baelish,"I have always found that to be the purest of motivations, but you won't have a chance to put your sword through Stannis, not today. You'll be cut to pieces before he sets foot on solid ground. If it is justice that you want, be smart about it.",Plans/Strategy/Advice
2012-04-29,Season 2,Episode 5,The Ghost of Harrenhal,petyr baelish,"He was, Your Grace.",Politics
2012-04-29,Season 2,Episode 5,The Ghost of Harrenhal,petyr baelish,Do you want to be a queen?,Politics
2012-05-06,Season 2,Episode 6,The Old Gods and the New,petyr baelish,Lord Tywin.,Politics
2012-05-06,Season 2,Episode 6,The Old Gods and the New,petyr baelish,Thank you.,Trivial
2012-05-06,Season 2,Episode 6,The Old Gods and the New,petyr baelish,I traveled here directly from Renly Baratheon's camp.,Information/Lore
2012-05-06,Season 2,Episode 6,The Old Gods and the New,petyr baelish,So they say. There has been talk of other forces at work. Dark forces.,Information/Lore
2012-05-06,Season 2,Episode 6,The Old Gods and the New,petyr baelish,It is my belief that a moment of chaos affords opportunities lost soon after.,Plans/Strategy/Advice
2012-05-06,Season 2,Episode 6,The Old Gods and the New,petyr baelish,"After the Lannisters and the Starks, the Tyrells command the largest host. Their lands are the most fertile in the Seven Kingdoms, feeding horses and soldiers.",Information/Lore
2012-05-06,Season 2,Episode 6,The Old Gods and the New,petyr baelish,The Tyrells have not yet declared for any of the surviving kings. Loras wants revenge. He blames Stannis for Renly's death. And Margaery-,Politics
2012-05-06,Season 2,Episode 6,The Old Gods and the New,petyr baelish,"Yes, she does.",People
2012-05-06,Season 2,Episode 6,The Old Gods and the New,petyr baelish,"They did. And perhaps that treason should be punished one day, after Stannis and Robb Stark are defeated.",Loyalty/Honour
2012-05-06,Season 2,Episode 6,The Old Gods and the New,petyr baelish,"If you will allow me to represent your family's interests, I believe that an advantageous agreement TYWIN",Politics
2012-05-06,Season 2,Episode 6,The Old Gods and the New,petyr baelish,They have.,Trivial
2012-05-06,Season 2,Episode 6,The Old Gods and the New,petyr baelish,It's only wine.,Trivial
2012-05-06,Season 2,Episode 6,The Old Gods and the New,petyr baelish,"Tonight, with your leave.",Plans/Strategy/Advice
2012-05-06,Season 2,Episode 6,The Old Gods and the New,petyr baelish,"On your son Tyrion's directive, I met with Catelyn Stark.",Information/Lore
2012-05-06,Season 2,Episode 6,The Old Gods and the New,petyr baelish,He had an interesting proposal for her concerning her daughters.,Plans/Strategy/Advice
2012-06-03,Season 2,Episode 10,Valar Morghulis,petyr baelish,"You honor me beyond words, Your Grace. I shall have to acquire some sons and grandsons.",Loyalty/Honour
2012-06-03,Season 2,Episode 10,Valar Morghulis,petyr baelish,My lady. My sincerest condolences.,Politics
2012-06-03,Season 2,Episode 10,Valar Morghulis,petyr baelish,"You shouldn't say that. You'll be good enough for many things. He'll still enjoy beating you. And now that you're a woman, he'll be able to enjoy you in other ways as well.",Plans/Strategy/Advice
2012-06-03,Season 2,Episode 10,Valar Morghulis,petyr baelish,"He'll let you go home? Joffrey's not the sort of boy who gives away his toys. You have a tender heart, just like your mother did at your age. I can see so much of her in you. She was like a sister to me. For her sake, I'll help get you home.",Loyalty/Honour
2012-06-03,Season 2,Episode 10,Valar Morghulis,petyr baelish,Look around you. We're all liars here. And every one of us is better than you.,Information/Lore
2013-03-31,Season 3,Episode 1,Valar Dohaeris,petyr baelish,Lovely day for it. Watching the ships.,Trivial
2013-03-31,Season 3,Episode 1,Valar Dohaeris,petyr baelish,Might I speak with Lady Sansa alone for a moment?,Orders/Demands
2013-03-31,Season 3,Episode 1,Valar Dohaeris,petyr baelish,I saw your mother not long ago. She's very eager to see you. And your sister.,Information/Lore
2013-03-31,Season 3,Episode 1,Valar Dohaeris,petyr baelish,You said King's Landing was your home. You are the property of the crown. Stealing you would be treason. If you were to tell just one person ...,Politics
2013-03-31,Season 3,Episode 1,Valar Dohaeris,petyr baelish,How do I know?,Information/Lore
2013-03-31,Season 3,Episode 1,Valar Dohaeris,petyr baelish,"I'm waiting for word on an assignment that will take me far away from the capital. When I set sail, I might be able to take you with me. But you'll need to be ready to leave on a moment's notice.",Plans/Strategy/Advice
2013-04-14,Season 3,Episode 3,Walk of Punishment,petyr baelish,"For which I am extremely grateful to you, my lord. Lady Arryn and I have known each other since we were children. She has always been positively predisposed toward me.",People
2013-04-14,Season 3,Episode 3,Walk of Punishment,petyr baelish,Titles do seem to breed titles.,Politics
2013-04-14,Season 3,Episode 3,Walk of Punishment,petyr baelish,I'm surprised you're surprised. This is the safest place in the city.,Information/Lore
2013-04-14,Season 3,Episode 3,Walk of Punishment,petyr baelish,"Thank you, my dear.",Trivial
2013-04-14,Season 3,Episode 3,Walk of Punishment,petyr baelish,I hear you owe that boy a significant debt.,Information/Lore
2013-04-14,Season 3,Episode 3,Walk of Punishment,petyr baelish,You should have him knighted.,Plans/Strategy/Advice
2013-04-14,Season 3,Episode 3,Walk of Punishment,petyr baelish,If only. I owe you a significant debt. Our redheaded friend. You secured her release when the queen detained her.,Loyalty/Honour
2013-04-14,Season 3,Episode 3,Walk of Punishment,petyr baelish,"Apparently, Her Grace believed that you two had some sort of special relationship.",People
2013-04-14,Season 3,Episode 3,Walk of Punishment,petyr baelish,I know.,Information/Lore
2013-04-14,Season 3,Episode 3,Walk of Punishment,petyr baelish,I know. But how would the queen get that idea?,Politics
2013-04-14,Season 3,Episode 3,Walk of Punishment,petyr baelish,Keep a low profile.,Plans/Strategy/Advice
2013-04-14,Season 3,Episode 3,Walk of Punishment,petyr baelish,"Well, you are richer than I am.",Information/Lore
2013-04-14,Season 3,Episode 3,Walk of Punishment,petyr baelish,"They're only numbers. Numbers on paper. Once you understand that, it's easy to make them behave. Trivial even. You want a real challenge? Try whores.",Plans/Strategy/Advice
2013-04-28,Season 3,Episode 5,Kissed by Fire,petyr baelish,Your Grace.,Politics
2013-04-28,Season 3,Episode 5,Kissed by Fire,petyr baelish,"Of course, Your Grace.",Politics
2013-04-28,Season 3,Episode 5,Kissed by Fire,petyr baelish,I see. And have you shared these suspicions with Lord Tywin?,Politics
2013-04-28,Season 3,Episode 5,Kissed by Fire,petyr baelish,"Myself, I often find them a hindrance.",Information/Lore
2013-04-28,Season 3,Episode 5,Kissed by Fire,petyr baelish,I shall do my best.,Loyalty/Honour
2013-04-28,Season 3,Episode 5,Kissed by Fire,petyr baelish,I assure you that it will.,Loyalty/Honour
2013-04-28,Season 3,Episode 5,Kissed by Fire,petyr baelish,That didn't take long.,Trivial
2013-04-28,Season 3,Episode 5,Kissed by Fire,petyr baelish,Is he? And who's the lucky girl?,People
2013-04-28,Season 3,Episode 5,Kissed by Fire,petyr baelish,"She may not be the grandest ship in the world or the fastest, but she's mine. I've always wanted a ship. Now I want a dozen. Strange, isn't it?",Information/Lore
2013-04-28,Season 3,Episode 5,Kissed by Fire,petyr baelish,"It doesn't matter what we want, once we get it, then we want something else. Your hair is different.",Plans/Strategy/Advice
2013-04-28,Season 3,Episode 5,Kissed by Fire,petyr baelish,Lady Margaery wears it that way.,Information/Lore
2013-04-28,Season 3,Episode 5,Kissed by Fire,petyr baelish,I have good news. I'll be leaving the city soon.,Plans/Strategy/Advice
2013-04-28,Season 3,Episode 5,Kissed by Fire,petyr baelish,"It's not a question of what I want. It's what you want. You want to go home, don't you?",Information/Lore
2013-04-28,Season 3,Episode 5,Kissed by Fire,petyr baelish,"I hope you know that I'm your friend, Sansa. Your true friend.",Loyalty/Honour
2013-04-28,Season 3,Episode 5,Kissed by Fire,petyr baelish,Petyr.,People
2013-04-28,Season 3,Episode 5,Kissed by Fire,petyr baelish,"If you wish to stay, then of course you will stay.",Plans/Strategy/Advice
2013-04-28,Season 3,Episode 5,Kissed by Fire,petyr baelish,We'll speak again when I return.,Plans/Strategy/Advice
2013-05-05,Season 3,Episode 6,The Climb,petyr baelish,There aren't. There aren't even two hundred. I've counted.,War/Violence
2013-05-05,Season 3,Episode 6,The Climb,petyr baelish,"Early days, my friend. It is flattering, really, you feeling such dread at the prospect of me getting what I want.",Trivial
2013-05-05,Season 3,Episode 6,The Climb,petyr baelish,"You're so right. For instance, when I thwarted your plan to give Sansa Stark to the Tyrells. If I'm going to be honest, I did feel an unmistakable sense of enjoyment there. But your confidant, the one who fed you information about my plans, the one you swore to protect, you didn't bring her any enjoyment. And she didn't bring me any enjoyment. She was a bad investment on my part. Luckily, I have a friend who wanted to try something new. Something daring. And he was so grateful to me for providing this fresh experience.",Information/Lore
2013-05-05,Season 3,Episode 6,The Climb,petyr baelish,The realm? Do you know what the realm is? It's the thousand blades of Aegon's enemies. A story we agree to tell each other over and over till we forget that it's a lie.,Politics
2013-05-05,Season 3,Episode 6,The Climb,petyr baelish,Chaos isn't a pit. Chaos is a ladder.,Plans/Strategy/Advice
2013-05-05,Season 3,Episode 6,The Climb,petyr baelish,Many who try to climb it fail and never get to try again. The fall breaks them.,Plans/Strategy/Advice
2013-05-05,Season 3,Episode 6,The Climb,petyr baelish,"And some are given a chance to climb, but they refuse. They cling to the realm or the gods or love. Illusions. Only the ladder is real. The climb is all there is.",Plans/Strategy/Advice
2014-04-20,Season 4,Episode 3,Breaker of Chains,petyr baelish,"Petyr... Are you hurt, my lady?",People
2014-04-20,Season 4,Episode 3,Breaker of Chains,petyr baelish,Good. Good. I'm sure you've had quite a fright. Rest easy. The worst is past. Ser Dontos shouts up from his boat.,Plans/Strategy/Advice
2014-04-20,Season 4,Episode 3,Breaker of Chains,petyr baelish,"Softly, my friend... Voices carry over water.",Plans/Strategy/Advice
2014-04-20,Season 4,Episode 3,Breaker of Chains,petyr baelish,"Shh. You don't want the queen to hear, do you? 1,000 gold cloaks are searching for you. And if they found you, how do you think they would punish the girl who murdered the king?",Plans/Strategy/Advice
2014-04-20,Season 4,Episode 3,Breaker of Chains,petyr baelish,"I know. I know. But you must admit it looks suspicious. The king who executed your father, who tormented you for years, and you fled the scene of his murder.",Information/Lore
2014-04-20,Season 4,Episode 3,Breaker of Chains,petyr baelish,Because he was a drunk and a fool and I don't trust drunk fools.,People
2014-04-20,Season 4,Episode 3,Breaker of Chains,petyr baelish,"Saved you? My lady, he followed my orders. Every one of them. And he did it all for gold. Money buys a man's silence for a time. A bolt in the heart buys it forever.",Plans/Strategy/Advice
2014-04-20,Season 4,Episode 3,Breaker of Chains,petyr baelish,"Yes, and he gave you a priceless necklace that once belonged to his grandmother. The last legacy of House Hollard.",Loyalty/Honour
2014-04-20,Season 4,Episode 3,Breaker of Chains,petyr baelish,I had it made a few weeks ago. What did I once tell you about the capital?,Plans/Strategy/Advice
2014-04-20,Season 4,Episode 3,Breaker of Chains,petyr baelish,"Come, my lady. I know you've had a difficult day. But you're safe now. I promise you that. You're safe with me and sailing home.",Orders/Demands
2014-04-27,Season 4,Episode 4,Oathkeeper,petyr baelish,I'm getting married to your Aunt Lysa. She's waiting for us at the Eyrie. You'll be safe there.,Plans/Strategy/Advice
2014-04-27,Season 4,Episode 4,Oathkeeper,petyr baelish,Did I kill Joffrey? I've been in the Vale for weeks.,Politics
2014-04-27,Season 4,Episode 4,Oathkeeper,petyr baelish,And who helped me with this conspiracy?,Plans/Strategy/Advice
2014-04-27,Season 4,Episode 4,Oathkeeper,petyr baelish,Why not?,Information/Lore
2014-04-27,Season 4,Episode 4,Oathkeeper,petyr baelish,Then perhaps it was your husband.,People
2014-04-27,Season 4,Episode 4,Oathkeeper,petyr baelish,How do you know?,Information/Lore
2014-04-27,Season 4,Episode 4,Oathkeeper,petyr baelish,You're right. He wasn't involvedi n Joffrey's death. But you were. Do you remember that lovely necklace Dontos gave you? I don't suppose you noticed that a stone was missing after the feast.,Information/Lore
2014-04-27,Season 4,Episode 4,Oathkeeper,petyr baelish,"A man with no motive is a man no one suspects. Always keep your foes confused. If they don't know who you are or what you want, they can't know what you plan to do next.",Plans/Strategy/Advice
2014-04-27,Season 4,Episode 4,Oathkeeper,petyr baelish,So many men they risk so little. They spend their lives avoiding danger. And then they die. I'd risk everything to get what I want.,Plans/Strategy/Advice
2014-04-27,Season 4,Episode 4,Oathkeeper,petyr baelish,"Everything. My friendship with the Lannisters was productive. But Joffrey, a vicious boy with a crown on his head, is not a reliable ally. And who could trust a friend like that?",Loyalty/Honour
2014-04-27,Season 4,Episode 4,Oathkeeper,petyr baelish,"I don't want friends like me. My new friends are predictable. Very reasonable people. As for what happened to Joffrey, well, that was something my new friends wanted very badly. Nothing like a thoughtful gift to make a new friendship grow strong.",Plans/Strategy/Advice
2014-05-04,Season 4,Episode 5,First of His Name,petyr baelish,Pull up your hood. A memorable shade.,Plans/Strategy/Advice
2014-05-04,Season 4,Episode 5,First of His Name,petyr baelish,You know what kind of stories poor men enjoy the most? Ones about rich girls they'll never meet.,Information/Lore
2014-05-04,Season 4,Episode 5,First of His Name,petyr baelish,"The mountains are impassable. If you want to get to the Eyrie, you need to go through the Bloody Gate. It doesn't matter how large your army is, if you attack this gate, you do it on this road, three men abreast and get slaughtered like goats. The first Lords of the Vale didn't have much, but they had these mountains and they knew how to use them. And the fortress they built here has never been overcome. Not once in a thousand years. Know your strengths, use them wisely, and one man can be worth ten thousand.",Plans/Strategy/Advice
2014-05-04,Season 4,Episode 5,First of His Name,petyr baelish,"Lord Petyr Baelish and his niece, Alayne.",People
2014-05-04,Season 4,Episode 5,First of His Name,petyr baelish,My lord.,Politics
2014-05-04,Season 4,Episode 5,First of His Name,petyr baelish,Oh. I have brought you a gift.,Information/Lore
2014-05-04,Season 4,Episode 5,First of His Name,petyr baelish,My lady.,People
2014-05-04,Season 4,Episode 5,First of His Name,petyr baelish,Go. We'll speak soon.,Orders/Demands
2014-05-04,Season 4,Episode 5,First of His Name,petyr baelish,"Arranging for the ascension of King Tommen I, extricating Sansa, getting her here alive.",Plans/Strategy/Advice
2014-05-04,Season 4,Episode 5,First of His Name,petyr baelish,Ought we not... inform the Lords of the Vale about the ceremony?,Plans/Strategy/Advice
2014-05-04,Season 4,Episode 5,First of His Name,petyr baelish,I do think that we could wait until...,Plans/Strategy/Advice
2014-05-04,Season 4,Episode 5,First of His Name,petyr baelish,Like it was yesterday.,Trivial
2014-05-04,Season 4,Episode 5,First of His Name,petyr baelish,The deed is done. Faded into nothing. Only speaking of it can make it real.,Information/Lore
2014-05-04,Season 4,Episode 5,First of His Name,petyr baelish,"Tonight it is, then.",Plans/Strategy/Advice
2014-05-04,Season 4,Episode 5,First of His Name,petyr baelish,"Let me bathe and dress for the occasion. Once I'm presentable, I'll call on the septon immediately.",Plans/Strategy/Advice
2014-05-18,Season 4,Episode 7,Mockingbird,petyr baelish,Children.,People
2014-05-18,Season 4,Episode 7,Mockingbird,petyr baelish,"Yes, I saw.",Trivial
2014-05-18,Season 4,Episode 7,Mockingbird,petyr baelish,"No, his mother should have a long time ago. Consider it a step in the right direction.",Information/Lore
2014-05-18,Season 4,Episode 7,Mockingbird,petyr baelish,Let me worry about Aunt Lysa.,Orders/Demands
2014-05-18,Season 4,Episode 7,Mockingbird,petyr baelish,"A lot can happen between now and never. If you want to build a better home, first you must demolish the old one.",Plans/Strategy/Advice
2014-05-18,Season 4,Episode 7,Mockingbird,petyr baelish,"I loved your mother more than you could ever know. Given the opportunity, what do we do to those who've hurt the ones we love? In a better world, one where love could overcome strength and duty, you might have been my child. But we don't live in that world.",Loyalty/Honour
2014-05-18,Season 4,Episode 7,Mockingbird,petyr baelish,You're more beautiful than she ever was.,People
2014-05-18,Season 4,Episode 7,Mockingbird,petyr baelish,Call me Petyr.,People
2014-05-18,Season 4,Episode 7,Mockingbird,petyr baelish,Lysa! Let her go.,Orders/Demands
2014-05-18,Season 4,Episode 7,Mockingbird,petyr baelish,Let her go.,Orders/Demands
2014-05-18,Season 4,Episode 7,Mockingbird,petyr baelish,"I'll send her away. I swear on my life. I swear to all the gods. Let her go, Lysa.",Plans/Strategy/Advice
2014-05-18,Season 4,Episode 7,Mockingbird,petyr baelish,"Oh, my sweet wife. My sweet, silly wife.",People
2014-05-18,Season 4,Episode 7,Mockingbird,petyr baelish,"I have only loved one woman... only one, my entire life. Your sister.",Information/Lore
2015-04-12,Season 5,Episode 1,The Wars to Come,petyr baelish,Lord Arryn will never be a great warrior.,People
2015-04-12,Season 5,Episode 1,The Wars to Come,petyr baelish,Some boys develop more slowly. He's still young.,People
2015-04-12,Season 5,Episode 1,The Wars to Come,petyr baelish,He has other gifts.,People
2015-04-12,Season 5,Episode 1,The Wars to Come,petyr baelish,The gift of a great name. Sometimes that's all one needs.,People
2015-04-12,Season 5,Episode 1,The Wars to Come,petyr baelish,"I have no doubt that upon my return, Robin's skills will have improved immeasurably.",Plans/Strategy/Advice
2015-04-12,Season 5,Episode 1,The Wars to Come,petyr baelish,I did.,Plans/Strategy/Advice
2015-04-12,Season 5,Episode 1,The Wars to Come,petyr baelish,We are.,Plans/Strategy/Advice
2015-04-12,Season 5,Episode 1,The Wars to Come,petyr baelish,"Lord Royce may be as honorable as he thinks he is, but he's not alone in that castle. Do you trust all those knights and ladies, stable boys and serving girls?",Politics
2015-04-12,Season 5,Episode 1,The Wars to Come,petyr baelish,"No. But I pay them well, and they've seen what happens to men who disappoint me.",Loyalty/Honour
2015-04-12,Season 5,Episode 1,The Wars to Come,petyr baelish,"So a land so far from here, even Cersei Lannister can't get her hands on you.",Plans/Strategy/Advice
2015-04-19,Season 5,Episode 2,The House of Black and White,petyr baelish,You are becoming an observant young lady.,People
2015-04-19,Season 5,Episode 2,The House of Black and White,petyr baelish,An old saying. Inaccurate in this case.,Trivial
2015-04-19,Season 5,Episode 2,The House of Black and White,petyr baelish,My marriage proposal has been accepted.,Plans/Strategy/Advice
2015-04-19,Season 5,Episode 2,The House of Black and White,petyr baelish,Do you like the taste?,Trivial
2015-04-19,Season 5,Episode 2,The House of Black and White,petyr baelish,It gives some men courage.,Plans/Strategy/Advice
2015-04-19,Season 5,Episode 2,The House of Black and White,petyr baelish,"We've met. With Renly Baratheon. What did he say about you? He said, ""You're a loyalty comes free of charge."" Someone appears to have paid quite a bit for it since then.",Loyalty/Honour
2015-04-19,Season 5,Episode 2,The House of Black and White,petyr baelish,"Please, Lady Brienne. No need for such formality. You are Catelyn Stark's sworn sword?",People
2015-04-19,Season 5,Episode 2,The House of Black and White,petyr baelish,Strange. I knew Cat from the time we were children. She never mentioned you.,People
2015-04-19,Season 5,Episode 2,The House of Black and White,petyr baelish,"Ah, yes. You were accused of killing him.",War/Violence
2015-04-19,Season 5,Episode 2,The House of Black and White,petyr baelish,But you were accused.,Information/Lore
2015-04-19,Season 5,Episode 2,The House of Black and White,petyr baelish,Then what did happen?,Information/Lore
2015-04-19,Season 5,Episode 2,The House of Black and White,petyr baelish,A shadow? With a face? This woman swore to protect Renly; she failed. She swore to protect your mother; she failed. Why would I want somebody with your history of failure guiding Lady Sansa?,Loyalty/Honour
2015-04-19,Season 5,Episode 2,The House of Black and White,petyr baelish,"Because I am her uncle. I married her Aunt Lysa shortly before my belovedo s untimely death. We're family now, and you're an outsider. Forgive me, Lady Brienne, but experiences made me wary of outsiders.",People
2015-04-19,Season 5,Episode 2,The House of Black and White,petyr baelish,We don't want our new friend wandering the countryside alone. The roads of these parts aren't safe. Why don't you stay?,Plans/Strategy/Advice
2015-04-26,Season 5,Episode 3,High Sparrow,petyr baelish,"Yes. A bit shabby, isn't it? You've been here before.",Information/Lore
2015-04-26,Season 5,Episode 3,High Sparrow,petyr baelish,Home.,Trivial
2015-04-26,Season 5,Episode 3,High Sparrow,petyr baelish,No.,Trivial
2015-04-26,Season 5,Episode 3,High Sparrow,petyr baelish,He did.,Loyalty/Honour
2015-04-26,Season 5,Episode 3,High Sparrow,petyr baelish,For now.,Trivial
2015-04-26,Season 5,Episode 3,High Sparrow,petyr baelish,Winterfell is your home.,Loyalty/Honour
2015-04-26,Season 5,Episode 3,High Sparrow,petyr baelish,Always. You're a Stark. Dyeing your hair doesn't change that. You're Sansa Stark. The eldest surviving child of Ned and Catelyn Stark. Your place is in the North.,People
2015-04-26,Season 5,Episode 3,High Sparrow,petyr baelish,"You're not marrying Roose Bolton. No, you'll be marrying his son and heir, Ramsay. One day he'll be Warden of the North and you will -",Politics
2015-04-26,Season 5,Episode 3,High Sparrow,petyr baelish,Sansa -,People
2015-04-26,Season 5,Episode 3,High Sparrow,petyr baelish,"I won't force you to do anything. Don't you know by now how much I care for you? Say the word and we turn the horses round, but listen to me. Listen. . You've been running all your life. Terrible things happened to your family and you weep. You sit alone in a darkened room, mourning their fates. You've been a bystander to tragedy from the day they executed your father. Stop being a bystander, do you hear me? Stop running. There's no justice in the world. Not unless we make it. You loved your family. Avenge them.",Plans/Strategy/Advice
2015-04-26,Season 5,Episode 3,High Sparrow,petyr baelish,I hope so too. I've become quite fond of Lady Sansa during our travels together. She's suffered enough.,People
2015-04-26,Season 5,Episode 3,High Sparrow,petyr baelish,"I've heard very little about you. Which makes you quite a rare thing, as lords go.",People
2015-04-26,Season 5,Episode 3,High Sparrow,petyr baelish,He seems pleased.,People
2015-04-26,Season 5,Episode 3,High Sparrow,petyr baelish,"I assure you she's still a virgin. Tyrion never consummated the marriage. By the law of the land, she's no man's wife. Inspect her, if you must.",Plans/Strategy/Advice
2015-04-26,Season 5,Episode 3,High Sparrow,petyr baelish,Then I have delivered everything I've promised.,Information/Lore
2015-04-26,Season 5,Episode 3,High Sparrow,petyr baelish,"The Lannister name doesn't mean what it once did. Tywin is dead. He kept his house in power through sheer will. Without him, Jaime has one hand and no allies, Tommen is a soft boy, not a king to fear.",Politics
2015-04-26,Season 5,Episode 3,High Sparrow,petyr baelish,"Queen Margaery adores Sansa. Cersei is Queen Mother, a title whose importance wanes with each passing day.",Politics
2015-04-26,Season 5,Episode 3,High Sparrow,petyr baelish,"A message for me, you say. Strange that the seal is broken.",Information/Lore
2015-04-26,Season 5,Episode 3,High Sparrow,petyr baelish,Every ambitious move is a gamble. You gambled when you drove a dagger into Robb Stark's heart. It appears that your gamble paid off. You're Warden of the North.,War/Violence
2015-04-26,Season 5,Episode 3,High Sparrow,petyr baelish,"The Eyrie is mine. The last time the lords of the Eyrie formed an alliance with the lords of the North, they brought down the greatest dynasty this world has ever known. I'd like to borrow one of your birds. Cersei will expect a reply.",Information/Lore
2015-05-03,Season 5,Episode 4,Sons of the Harpy,petyr baelish,I thought I might find you here. . Your Aunt Lyanna.,People
2015-05-03,Season 5,Episode 4,Sons of the Harpy,petyr baelish,"I saw her once. I was a boy, living with your mother's family. Lord Whent had a great tourney at Harrenhal. Everyone was there. The Mad King, your father, Robert Baratheon. And Lyanna, she was already promised to Robert. You can imagine what it was like for me, a boy from nowhere, with nothing to his name, watching these legendary men, tilting at the lists. The last two riders were Barristan Selmy and Rhaegar Targaryen. When Rhaegar won, everyone cheered for the prince. I remember the girls laughing when he took off his helmet and they saw that silver hair. How handsome he was. Until he rode right past his wife, Elia Martell, and all the smiles died. I've never seen so many people so quiet. He rode past his wife, and he lay a crown of winter roses in Lyanna's lap. Blue as frost. How many tens of thousands had to die because Rhaegar chose your aunt?",War/Violence
2015-05-03,Season 5,Episode 4,Sons of the Harpy,petyr baelish,Come. . Let's speak somewhere the dead can't hear us. .,Orders/Demands
2015-05-03,Season 5,Episode 4,Sons of the Harpy,petyr baelish,I am.,Orders/Demands
2015-05-03,Season 5,Episode 4,Sons of the Harpy,petyr baelish,King's Landing.,Information/Lore
2015-05-03,Season 5,Episode 4,Sons of the Harpy,petyr baelish,Cersei sent for me. . We must not let her sniff out any trouble.,Plans/Strategy/Advice
2015-05-03,Season 5,Episode 4,Sons of the Harpy,petyr baelish,"I know how hard it is to live with people you despise, believe me. But it won't be for long.",Plans/Strategy/Advice
2015-05-03,Season 5,Episode 4,Sons of the Harpy,petyr baelish,"Stannis Baratheon garrisons at Castle Black. He'll march south to King's Landing before the winter snows block his way. But first, he has to take Winterfell.",Plans/Strategy/Advice
2015-05-03,Season 5,Episode 4,Sons of the Harpy,petyr baelish,"I do. Once he liberates these lands from the Boltons he'll rally your father's bannermen to his cause. With the North behind him, Stannis can finally take the Iron Throne.",War/Violence
2015-05-03,Season 5,Episode 4,Sons of the Harpy,petyr baelish,"He has a larger army. He's the finest military commander in Westeros. A betting man would put his money on Stannis. . As it happens, I am a betting man.",War/Violence
2015-05-03,Season 5,Episode 4,Sons of the Harpy,petyr baelish,"Stannis takes Winterfell, he rescues you from the most despised family in the North. Grateful for your late father's courageous support for his claim, he names you Wardeness of the North.",Plans/Strategy/Advice
2015-05-03,Season 5,Episode 4,Sons of the Harpy,petyr baelish,You are the last surviving Stark. He needs you.,Plans/Strategy/Advice
2015-05-03,Season 5,Episode 4,Sons of the Harpy,petyr baelish,"Then you will take this Bolton boy, Ramsay, and make him yours.",Plans/Strategy/Advice
2015-05-03,Season 5,Episode 4,Sons of the Harpy,petyr baelish,Of course you do. He's already fallen for you.,Plans/Strategy/Advice
2015-05-03,Season 5,Episode 4,Sons of the Harpy,petyr baelish,"He should, he's a dangerous man. But even the most dangerous men can be outmaneuvered. And you've learnt to maneuver from the very best. . I return before too long. . You'll be strong without me. . The North will be yours. Do you believe me?",Plans/Strategy/Advice
2015-05-17,Season 5,Episode 6,"Unbowed, Unbent, Unbroken",petyr baelish,Yes? Lancel Lannister.,People
2015-05-17,Season 5,Episode 6,"Unbowed, Unbent, Unbroken",petyr baelish,That's quite a family to abandon.,Loyalty/Honour
2015-05-17,Season 5,Episode 6,"Unbowed, Unbent, Unbroken",petyr baelish,Well done.,Plans/Strategy/Advice
2015-05-17,Season 5,Episode 6,"Unbowed, Unbent, Unbroken",petyr baelish,I'm here on urgent business for the Queen Mother. Should I send word that I'll be delayed?,Politics
2015-05-17,Season 5,Episode 6,"Unbowed, Unbent, Unbroken",petyr baelish,"We both peddle fantasies, Brother Lancel. Mine just happen to be entertaining.",People
2015-05-17,Season 5,Episode 6,"Unbowed, Unbent, Unbroken",petyr baelish,"Do you think it's wise, your Grace, arresting the heir to Highgarden?",Politics
2015-05-17,Season 5,Episode 6,"Unbowed, Unbent, Unbroken",petyr baelish,Of course. And the Faith were armed on your orders.,War/Violence
2015-05-17,Season 5,Episode 6,"Unbowed, Unbent, Unbroken",petyr baelish,House Tyrell won't tolerate these insults.,People
2015-05-17,Season 5,Episode 6,"Unbowed, Unbent, Unbroken",petyr baelish,One's choice of companion is a curious thing.,People
2015-05-17,Season 5,Episode 6,"Unbowed, Unbent, Unbroken",petyr baelish,Lysa was a good woman. A kind woman.,People
2015-05-17,Season 5,Episode 6,"Unbowed, Unbent, Unbroken",petyr baelish,I know how hard it can be to lose both of your parents at such a young age.,Information/Lore
2015-05-17,Season 5,Episode 6,"Unbowed, Unbent, Unbroken",petyr baelish,Young Lord Robyn heeds my advice. And I have always counseled loyalty to the throne.,Politics
2015-05-17,Season 5,Episode 6,"Unbowed, Unbent, Unbroken",petyr baelish,"There is another matter, your Grace. Something so urgent I couldn't trust the words to a raven. You once charged me with finding Arya Stark. To my shame I failed you. But I have found Sansa Stark. Alive, and well, and home again. In Winterfell.",Loyalty/Honour
2015-05-17,Season 5,Episode 6,"Unbowed, Unbent, Unbroken",petyr baelish,"My sources are well placed. They tell me Roose Bolton plans to marry her to his son, Ramsay, a bastard recently legitimized by King Tommen.",Plans/Strategy/Advice
2015-05-17,Season 5,Episode 6,"Unbowed, Unbent, Unbroken",petyr baelish,Indeed. As reward for stabbing his own king in the heart.,War/Violence
2015-05-17,Season 5,Episode 6,"Unbowed, Unbent, Unbroken",petyr baelish,Marrying his son to the last of the Starks gives him more legitimacy in the North than an alliance with a hated southern house.,Politics
2015-05-17,Season 5,Episode 6,"Unbowed, Unbent, Unbroken",petyr baelish,"I would counsel patience, your grace.",Plans/Strategy/Advice
2015-05-17,Season 5,Episode 6,"Unbowed, Unbent, Unbroken",petyr baelish,"Stannis Baratheon is also a traitor, marching with his army on Winterfell. Let Stannis and Roose battle, let the enemies of the throne slaughter each other and when they're done seize Winterfell from whichever thief survives.",War/Violence
2015-05-17,Season 5,Episode 6,"Unbowed, Unbent, Unbroken",petyr baelish,"That is why it is critical to strike soon, while the victor still licks his wounds. Surely your Uncle Kevan could muster a force.",People
2015-05-17,Season 5,Episode 6,"Unbowed, Unbent, Unbroken",petyr baelish,"Ser Jaime, then.",People
2015-05-17,Season 5,Episode 6,"Unbowed, Unbent, Unbroken",petyr baelish,"Perhaps I can help. The Knights of the Vale are some of the best fighters in Westeros, trained to battle in the ice and the snow.",Information/Lore
2015-05-17,Season 5,Episode 6,"Unbowed, Unbent, Unbroken",petyr baelish,"You wouldn't risk a single Lannister soldier or a single coin from the Royal Treasury. What do you have to lose, a brothel keeper?",Politics
2015-05-17,Season 5,Episode 6,"Unbowed, Unbent, Unbroken",petyr baelish,Name me Warden of the North.,Politics
2015-05-17,Season 5,Episode 6,"Unbowed, Unbent, Unbroken",petyr baelish,I'll not rest until the lion flies over Winterfell.,Loyalty/Honour
2015-05-17,Season 5,Episode 6,"Unbowed, Unbent, Unbroken",petyr baelish,As I said. I live to serve.,Loyalty/Honour
2015-05-24,Season 5,Episode 7,The Gift,petyr baelish,I'm sorry about the locale.,Loyalty/Honour
2015-05-24,Season 5,Episode 7,The Gift,petyr baelish,It felt like the safest place.,Plans/Strategy/Advice
2015-05-24,Season 5,Episode 7,The Gift,petyr baelish,"It was an establishment like no other. The sheer range of appetites catered to, desires that didn't exist until we invented them.",Plans/Strategy/Advice
2015-05-24,Season 5,Episode 7,The Gift,petyr baelish,The past is the past. The future is all that's worth discussing. The future of House Tyrell.,Plans/Strategy/Advice
2015-05-24,Season 5,Episode 7,The Gift,petyr baelish,I promise you..,Loyalty/Honour
2015-05-24,Season 5,Episode 7,The Gift,petyr baelish,Cersei summoned me to King's Landing. I dared not refuse her.,Loyalty/Honour
2015-05-24,Season 5,Episode 7,The Gift,petyr baelish,"A piece of info that she know that I had. Neither silence nor lies were an option. But I have other information of which she is unaware. And as you say, our interests are aligned. I have a gift for you.",Plans/Strategy/Advice
2015-05-24,Season 5,Episode 7,The Gift,petyr baelish,The same kind I gave Cersei. A handsome young man.,Plans/Strategy/Advice
2016-05-15,Season 6,Episode 4,Book of the Stranger,petyr baelish,The Defender of the Vale!,People
2016-05-15,Season 6,Episode 4,Book of the Stranger,petyr baelish,My lord Come and see,Politics
2016-05-15,Season 6,Episode 4,Book of the Stranger,petyr baelish,I missed your name day Go on,Politics
2016-05-15,Season 6,Episode 4,Book of the Stranger,petyr baelish,A gyrfalcon The greatest and rarest of birds,Information/Lore
2016-05-15,Season 6,Episode 4,Book of the Stranger,petyr baelish,Indeed I was,People
2016-05-15,Season 6,Episode 4,Book of the Stranger,petyr baelish,"On our way to the Fingers, we were set upon by a large force of Bolton men Seemed to know exactly when we were traveling and exactly whom we were transporting",Plans/Strategy/Advice
2016-05-15,Season 6,Episode 4,Book of the Stranger,petyr baelish,"Tell me, Lord Royce, how many people knew of my travel plans with Sansa Stark? I shared my intentions with you and no one else",Plans/Strategy/Advice
2016-05-15,Season 6,Episode 4,Book of the Stranger,petyr baelish,Your home is the Vale The Lord of the Vale stands before us And only his judgment concerns me,Loyalty/Honour
2016-05-15,Season 6,Episode 4,Book of the Stranger,petyr baelish,"Lord Royce has served the Vale well He;s enjoyed a distinguished military career If we could trust his absolute loyalty, he would make a capable commander in the wars to come",Loyalty/Honour
2016-05-15,Season 6,Episode 4,Book of the Stranger,petyr baelish,I think he deserves one more chance What do you say?,Loyalty/Honour
2016-05-15,Season 6,Episode 4,Book of the Stranger,petyr baelish,"I bring good news My friends in the North tell me Sansa has escaped Winterfell I expect she's headed to Castle Black where her brother serves as Lord Commander But she won't be safe there, not with the Boltons after her",Plans/Strategy/Advice
2016-05-15,Season 6,Episode 4,Book of the Stranger,petyr baelish,That was my instinct as well,Plans/Strategy/Advice
2016-05-15,Season 6,Episode 4,Book of the Stranger,petyr baelish,Our lord has spoken Gather the Knights of the Vale The time has come to join the fray,Orders/Demands
2016-05-22,Season 6,Episode 5,The Door,petyr baelish,"Sansa. Lady Brienne. When I heard you had escaped WInterfell, I feared the worst. You have no idea how happy I am to see you unharmed.",People
2016-05-22,Season 6,Episode 5,The Door,petyr baelish,I rode north with the Knights of the Vale to come to your aid. They're encamped at Moat Cailin as we speak.,Plans/Strategy/Advice
2016-05-22,Season 6,Episode 5,The Door,petyr baelish,I can't begin to contemplate --,Trivial
2016-05-22,Season 6,Episode 5,The Door,petyr baelish,He beat you.,Information/Lore
2016-05-22,Season 6,Episode 5,The Door,petyr baelish,"Sansa, I --",People
2016-05-22,Season 6,Episode 5,The Door,petyr baelish,Did he cut you?,People
2016-05-22,Season 6,Episode 5,The Door,petyr baelish,I didn't know.,Trivial
2016-05-22,Season 6,Episode 5,The Door,petyr baelish,"I made a mistake, a horrible mistake. I underestimated a stranger.",Plans/Strategy/Advice
2016-05-22,Season 6,Episode 5,The Door,petyr baelish,I'm so sorry.,Loyalty/Honour
2016-05-22,Season 6,Episode 5,The Door,petyr baelish,And I will. You must believe me when I tell you that I will.,Loyalty/Honour
2016-05-22,Season 6,Episode 5,The Door,petyr baelish,"Do you want me to beg for my life? If that's what you want, I will. Whatever you ask that is in my power, I will do.",Plans/Strategy/Advice
2016-05-22,Season 6,Episode 5,The Door,petyr baelish,Then I will die.,Orders/Demands
2016-05-22,Season 6,Episode 5,The Door,petyr baelish,I would do anything to undo what's been done to you. I know that I can't. Will you allow me to say one more thing before I go? Your great-uncle Brynden the Blackfish has gathered what remains of the Tully forces and retaken Riverrun. You might consider seeking him out. The time may come when you need an army loyal to you.,Plans/Strategy/Advice
2016-05-22,Season 6,Episode 5,The Door,petyr baelish,Your brother's army.,People
2016-05-22,Season 6,Episode 5,The Door,petyr baelish,Half-brother.,People
2017-07-23,Season 7,Episode 2,Stormborn,petyr baelish,I delivered his bones myself. I presented them to Lady Catlyn as a gesture of goodwill from Tyrion Lannister. It seems like a lifetime ago. Do give Lord Tyrion my best when you see him.,Plans/Strategy/Advice
2017-07-23,Season 7,Episode 2,Stormborn,petyr baelish,"I was sorry when he died. Your father and I had our differences but he loved Cat very much. So did I. She wasn't fond of you, was she? Well, it appears she vastly underestimated you. Your father and brothers are gone, yet here you stand King in the North. Last best hope against the coming storm.",Politics
2017-07-23,Season 7,Episode 2,Stormborn,petyr baelish,Forgive me. We have never talked properly. I wanted to remedy that.,Loyalty/Honour
2017-07-23,Season 7,Episode 2,Stormborn,petyr baelish,"Not even thank you? If it weren't for me you'd have been slaughtered at that battlefield. You have many enemies, My King, but I swear to you I'm not one of them. I love Sansa as I loved her mother.",Loyalty/Honour
2017-07-30,Season 7,Episode 3,The Queen’s Justice,petyr baelish,Command suits you. The northerns are all facing north worried about the threat beyond the wall.,Plans/Strategy/Advice
2017-07-30,Season 7,Episode 3,The Queen’s Justice,petyr baelish,I know Cersei better than anyone here. If you turn your back on her --,Plans/Strategy/Advice
2017-07-30,Season 7,Episode 3,The Queen’s Justice,petyr baelish,I only meant to say --,Trivial
2017-07-30,Season 7,Episode 3,The Queen’s Justice,petyr baelish,"One of two things will happen. Either the dead will defeat the living, in which case all our troubles come to an end. Or life will win out. And what then?",Plans/Strategy/Advice
2017-07-30,Season 7,Episode 3,The Queen’s Justice,petyr baelish,"Don't fight in the north or the south. Fight every battle everywhere always in your mind. Everyone is your enemy, everyone is your friend, every possible series of events is happening all at once. Live that way and nothing will surprise you. Everything that happens will be something that you've seen before.",Plans/Strategy/Advice
2017-08-06,Season 7,Episode 4,The Spoils Of War,petyr baelish,This is for you.,Orders/Demands
2017-08-06,Season 7,Episode 4,The Spoils Of War,petyr baelish,flips the knife in his hand and extends it towards BRAN.,Trivial
2017-08-06,Season 7,Episode 4,The Spoils Of War,petyr baelish,"The last man who wielded it meant to cut your throat, but your mother fought him off.",War/Violence
2017-08-06,Season 7,Episode 4,The Spoils Of War,petyr baelish,"The other dagger, the one that took her life, I would have stopped that dagger with my own heart if I could have. I wasn't there for her when she needed me most. But I am here for her now. To do what she would have done, to protect her children. Anything I can do for you, Brandon, you need only ask.",Loyalty/Honour
2017-08-06,Season 7,Episode 4,The Spoils Of War,petyr baelish,"No. That very question was what started the War of the Five Kings. In a way, that dagger made you what you are today. Forced from your home, driven out to the wilds beyond the Wall. I imagine you've seen things most men wouldn't believe.",War/Violence
2017-08-06,Season 7,Episode 4,The Spoils Of War,petyr baelish,hands the sheath of the knife to BRAN. BRAN slides the knife into the sheath.,Trivial
2017-08-06,Season 7,Episode 4,The Spoils Of War,petyr baelish,"To go through all of that and make your way home again only to find such chaos in the world, I can only imagine --",People
2017-08-06,Season 7,Episode 4,The Spoils Of War,petyr baelish,"I'm sorry to have disturbed you, Lord Stark.",Politics
2017-08-06,Season 7,Episode 4,The Spoils Of War,petyr baelish,stands up to leave.,Trivial
2017-08-06,Season 7,Episode 4,The Spoils Of War,petyr baelish,bows and walks past Meera and closes the door.,Trivial
2017-08-13,Season 7,Episode 5,Eastwatch,petyr baelish,reads the note then looks at WOLKAN.,Trivial
2017-08-13,Season 7,Episode 5,Eastwatch,petyr baelish,Are you sure this is the only copy at Winterfell?,Information/Lore
2017-08-13,Season 7,Episode 5,Eastwatch,petyr baelish,Lady Stark thanks you for your service.,Loyalty/Honour
2017-08-27,Season 7,Episode 7,The Dragon and the Wolf,petyr baelish,It's not easy for ravens to fly in these storms. Perhaps Jon tried to send word earlier.,Information/Lore
2017-08-27,Season 7,Episode 7,The Dragon and the Wolf,petyr baelish,I can't believe he'd surrender the Northern crown without consulting you.,Politics
2017-08-27,Season 7,Episode 7,The Dragon and the Wolf,petyr baelish,I've heard gossip that the Dragon Queen is quite beautiful.,People
2017-08-27,Season 7,Episode 7,The Dragon and the Wolf,petyr baelish,Jon is young and unmarried. Daenerys is young and unmarried.,People
2017-08-27,Season 7,Episode 7,The Dragon and the Wolf,petyr baelish,"An alliance makes sense. Together, they'd be difficult to defeat. He was named King.",Politics
2017-08-27,Season 7,Episode 7,The Dragon and the Wolf,petyr baelish,"You are family, too. Would Arya really murder her own sister?",War/Violence
2017-08-27,Season 7,Episode 7,The Dragon and the Wolf,petyr baelish,"Only by reputation. They worship the God of Death, I believe. I never trust godly men.",War/Violence
2017-08-27,Season 7,Episode 7,The Dragon and the Wolf,petyr baelish,She's your sister,People
2017-08-27,Season 7,Episode 7,The Dragon and the Wolf,petyr baelish,Why did she come to Winterfell?,People
2017-08-27,Season 7,Episode 7,The Dragon and the Wolf,petyr baelish,Why did she unearth the letter Cersei made you write?,Information/Lore
2017-08-27,Season 7,Episode 7,The Dragon and the Wolf,petyr baelish,"And after she murders you, what does she become?",War/Violence
2017-08-27,Season 7,Episode 7,The Dragon and the Wolf,petyr baelish,"Lady Sansa, forgive me I'm a bit confused.",Information/Lore
2017-08-27,Season 7,Episode 7,The Dragon and the Wolf,petyr baelish,I did it to protect you.,Loyalty/Honour
2017-08-27,Season 7,Episode 7,The Dragon and the Wolf,petyr baelish,Whatever your aunt,People
2017-08-27,Season 7,Episode 7,The Dragon and the Wolf,petyr baelish,I know of no such letter.,Information/Lore
2017-08-27,Season 7,Episode 7,The Dragon and the Wolf,petyr baelish,I deny it! None of you were there to see what happened. None of you knows the truth.,Orders/Demands
2017-08-27,Season 7,Episode 7,The Dragon and the Wolf,petyr baelish,"Lady Sansa, I have known you since you were a girl. I've protected you.",Loyalty/Honour
2017-08-27,Season 7,Episode 7,The Dragon and the Wolf,petyr baelish,"If we could speak alone, I can explain everything.",Information/Lore
2017-08-27,Season 7,Episode 7,The Dragon and the Wolf,petyr baelish,"Sansa, please.",Orders/Demands
2017-08-27,Season 7,Episode 7,The Dragon and the Wolf,petyr baelish,Give me a chance to defend myself. I deserve that.,Loyalty/Honour
2017-08-27,Season 7,Episode 7,The Dragon and the Wolf,petyr baelish,I am Lord Protector of the Vale and I command you to escort me safely back to the Eyrie.,Orders/Demands
2017-08-27,Season 7,Episode 7,The Dragon and the Wolf,petyr baelish,"Sansa, I beg you! I loved your mother since the time I was a boy.",People
2017-08-27,Season 7,Episode 7,The Dragon and the Wolf,petyr baelish,I loved you. More than anyone.,People
2017-08-27,Season 7,Episode 7,The Dragon and the Wolf,petyr baelish,Sansa! I--,People